transaction_id,transaction_date,customer_id,product,region,quantity,price,payment_method,revenue
1,2026-06-11,127,Mouse,Medan,1,3282399,credit_card,3282399
2,2026-06-07,150,Headset,Surabaya,2,3519168,ewallet,7038336
3,2026-06-01,83,Monitor,Surabaya,3,10637410,bank_transfer,31912230
4,2026-06-09,123,Laptop,Makassar,3,5513298,cash,16539894
5,2026-06-01,109,Keyboard,Makassar,4,4021998,bank_transfer,16087992
6,2026-06-06,193,Monitor,Surabaya,3,11635134,credit_card,34905402
7,2026-06-03,96,Laptop,Jakarta,3,5148430,bank_transfer,15445290
8,2026-06-08,25,Mouse,Surabaya,3,8756705,credit_card,26270115
9,2026-06-04,30,Mouse,Makassar,4,2880381,bank_transfer,11521524
10,2026-06-07,117,Mouse,Jakarta,2,14490086,credit_card,28980172
11,2026-06-02,197,Keyboard,Medan,5,103777,ewallet,518885
12,2026-06-06,118,Keyboard,Bandung,4,955356,cash,3821424
13,2026-06-11,42,Monitor,Makassar,4,376918,bank_transfer,1507672
14,2026-06-09,153,Mouse,Surabaya,3,14541612,bank_transfer,43624836
15,2026-06-01,48,Monitor,Medan,3,8148570,bank_transfer,24445710
16,2026-06-10,169,Headset,Surabaya,4,4666649,ewallet,18666596
17,2026-06-05,140,Headset,Surabaya,1,825598,bank_transfer,825598
18,2026-06-01,109,Mouse,Surabaya,3,12283328,bank_transfer,36849984
19,2026-06-11,200,Keyboard,Bandung,1,12651507,bank_transfer,12651507
20,2026-06-11,196,Monitor,Makassar,3,7060535,ewallet,21181605
21,2026-06-09,26,Headset,Makassar,5,13391775,bank_transfer,66958875
22,2026-06-01,151,Laptop,Bandung,4,14553921,credit_card,58215684
23,2026-06-02,50,Keyboard,Surabaya,4,13962621,cash,55850484
24,2026-06-03,67,Keyboard,Bandung,4,10549007,cash,42196028
25,2026-06-06,26,Keyboard,Bandung,5,13661554,ewallet,68307770
26,2026-06-10,33,Laptop,Makassar,3,4943592,bank_transfer,14830776
27,2026-06-07,178,Headset,Surabaya,5,571941,ewallet,2859705
28,2026-06-05,64,Laptop,Makassar,1,4841862,credit_card,4841862
29,2026-06-03,127,Monitor,Medan,4,8276211,bank_transfer,33104844
30,2026-06-01,167,Keyboard,Bandung,5,784369,credit_card,3921845
31,2026-06-05,60,Mouse,Bandung,5,11071552,cash,55357760
32,2026-06-05,15,Mouse,Bandung,4,2195421,cash,8781684
33,2026-06-11,30,Headset,Makassar,4,4473867,credit_card,17895468
34,2026-06-07,129,Keyboard,Surabaya,2,9376498,bank_transfer,18752996
35,2026-06-10,73,Mouse,Medan,1,7015217,bank_transfer,7015217
36,2026-06-01,173,Keyboard,Medan,4,674172,credit_card,2696688
37,2026-06-06,116,Headset,Jakarta,1,5891370,bank_transfer,5891370
38,2026-06-07,162,Laptop,Makassar,3,6697712,credit_card,20093136
39,2026-06-02,200,Monitor,Bandung,5,10692328,cash,53461640
40,2026-06-10,112,Mouse,Surabaya,5,1097238,ewallet,5486190
41,2026-06-08,108,Laptop,Surabaya,5,4040125,cash,20200625
42,2026-06-06,109,Mouse,Surabaya,2,12166197,cash,24332394
43,2026-06-06,49,Laptop,Surabaya,5,14207163,cash,71035815
44,2026-06-06,49,Monitor,Surabaya,1,10677465,credit_card,10677465
45,2026-06-05,114,Monitor,Surabaya,4,14284966,bank_transfer,57139864
46,2026-06-04,179,Headset,Surabaya,2,3838998,bank_transfer,7677996
47,2026-06-01,103,Keyboard,Makassar,2,9626282,ewallet,19252564
48,2026-06-05,94,Monitor,Jakarta,1,11357941,bank_transfer,11357941
49,2026-06-03,69,Keyboard,Medan,4,10298854,cash,41195416
50,2026-06-10,101,Monitor,Medan,2,3182060,bank_transfer,6364120
51,2026-06-09,58,Keyboard,Medan,5,5637271,bank_transfer,28186355
52,2026-06-03,49,Laptop,Surabaya,5,9698697,ewallet,48493485
53,2026-06-04,48,Headset,Medan,1,3657259,ewallet,3657259
54,2026-06-11,169,Mouse,Surabaya,4,4630987,bank_transfer,18523948
55,2026-06-03,142,Mouse,Surabaya,4,12733912,ewallet,50935648
56,2026-06-04,120,Monitor,Makassar,4,7951994,ewallet,31807976
57,2026-06-11,70,Keyboard,Jakarta,4,10300290,ewallet,41201160
58,2026-06-01,22,Headset,Bandung,5,3630059,credit_card,18150295
59,2026-06-05,48,Keyboard,Surabaya,5,12129547,cash,60647735
60,2026-06-11,183,Keyboard,Jakarta,5,12526763,ewallet,62633815
61,2026-06-09,33,Monitor,Makassar,5,6707842,bank_transfer,33539210
62,2026-06-05,60,Mouse,Jakarta,4,1676025,ewallet,6704100
63,2026-06-08,129,Mouse,Medan,1,9628640,cash,9628640
64,2026-06-09,65,Keyboard,Jakarta,5,8151242,bank_transfer,40756210
65,2026-06-11,34,Headset,Makassar,2,736216,bank_transfer,1472432
66,2026-06-02,88,Laptop,Makassar,3,13927258,credit_card,41781774
67,2026-06-05,159,Mouse,Medan,5,9302977,ewallet,46514885
68,2026-06-11,189,Laptop,Makassar,5,2425402,cash,12127010
69,2026-06-07,149,Headset,Medan,5,12129264,bank_transfer,60646320
70,2026-06-11,140,Monitor,Medan,5,11090002,cash,55450010
71,2026-06-04,48,Laptop,Bandung,1,9227891,credit_card,9227891
72,2026-06-11,172,Laptop,Bandung,1,6934781,ewallet,6934781
73,2026-06-01,56,Headset,Makassar,2,2014025,credit_card,4028050
74,2026-06-01,130,Monitor,Makassar,3,13705433,ewallet,41116299
75,2026-06-04,191,Mouse,Bandung,1,12591688,ewallet,12591688
76,2026-06-08,177,Monitor,Jakarta,3,4469140,credit_card,13407420
77,2026-06-03,53,Mouse,Makassar,2,12466787,ewallet,24933574
78,2026-06-01,50,Monitor,Surabaya,3,3280642,bank_transfer,9841926
79,2026-06-09,10,Keyboard,Bandung,1,1220452,ewallet,1220452
80,2026-06-11,195,Monitor,Surabaya,4,3691209,cash,14764836
81,2026-06-10,122,Headset,Makassar,2,14439418,credit_card,28878836
82,2026-06-10,103,Monitor,Jakarta,4,13482928,cash,53931712
83,2026-06-11,136,Laptop,Makassar,2,6362422,credit_card,12724844
84,2026-06-11,13,Mouse,Medan,1,7112582,cash,7112582
85,2026-06-02,25,Mouse,Bandung,2,11781043,ewallet,23562086
86,2026-06-04,118,Monitor,Bandung,5,6040325,ewallet,30201625
87,2026-06-04,48,Laptop,Medan,4,12073275,credit_card,48293100
88,2026-06-03,38,Mouse,Bandung,1,2502228,ewallet,2502228
89,2026-06-08,60,Headset,Makassar,3,1028357,bank_transfer,3085071
90,2026-06-03,107,Keyboard,Surabaya,4,7747401,cash,30989604
91,2026-06-04,42,Laptop,Medan,2,9410405,cash,18820810
92,2026-06-02,87,Keyboard,Medan,1,3507905,credit_card,3507905
93,2026-06-11,135,Laptop,Medan,2,5532136,ewallet,11064272
94,2026-06-07,197,Mouse,Jakarta,3,3737136,credit_card,11211408
95,2026-06-01,74,Mouse,Medan,3,5666480,bank_transfer,16999440
96,2026-06-07,15,Mouse,Jakarta,4,3448331,credit_card,13793324
97,2026-06-08,160,Laptop,Jakarta,3,12878408,bank_transfer,38635224
98,2026-06-11,194,Headset,Jakarta,3,7204931,ewallet,21614793
99,2026-06-10,18,Keyboard,Makassar,3,6126390,cash,18379170
100,2026-06-02,116,Mouse,Medan,3,5110912,credit_card,15332736
101,2026-06-08,14,Laptop,Medan,1,12789795,bank_transfer,12789795
102,2026-06-10,8,Monitor,Makassar,5,9503306,bank_transfer,47516530
103,2026-06-03,195,Monitor,Surabaya,5,9692538,bank_transfer,48462690
104,2026-06-10,76,Laptop,Medan,3,10527420,cash,31582260
105,2026-06-09,49,Monitor,Bandung,3,4492850,ewallet,13478550
106,2026-06-02,119,Mouse,Jakarta,5,14174756,credit_card,70873780
107,2026-06-08,55,Mouse,Jakarta,4,5196790,cash,20787160
108,2026-06-08,195,Headset,Jakarta,3,13352313,credit_card,40056939
109,2026-06-03,171,Keyboard,Surabaya,1,6443480,credit_card,6443480
110,2026-06-01,132,Keyboard,Bandung,5,2964694,bank_transfer,14823470
111,2026-06-08,10,Laptop,Surabaya,2,5300217,credit_card,10600434
112,2026-06-11,119,Keyboard,Bandung,3,2149510,bank_transfer,6448530
113,2026-06-11,76,Mouse,Medan,4,13643878,cash,54575512
114,2026-06-01,53,Monitor,Bandung,3,10168820,cash,30506460
115,2026-06-04,129,Mouse,Medan,3,12506550,cash,37519650
116,2026-06-02,131,Keyboard,Surabaya,2,5357553,bank_transfer,10715106
117,2026-06-07,115,Keyboard,Medan,4,6297057,credit_card,25188228
118,2026-06-02,39,Monitor,Bandung,3,8558367,bank_transfer,25675101
119,2026-06-07,117,Keyboard,Medan,4,8809052,bank_transfer,35236208
120,2026-06-09,44,Headset,Makassar,1,9521564,bank_transfer,9521564
121,2026-06-03,50,Laptop,Surabaya,5,4798814,cash,23994070
122,2026-06-03,151,Headset,Jakarta,3,5226836,bank_transfer,15680508
123,2026-06-10,14,Laptop,Makassar,5,14513729,credit_card,72568645
124,2026-06-10,9,Headset,Bandung,5,11845047,credit_card,59225235
125,2026-06-07,14,Headset,Surabaya,4,12353520,ewallet,49414080
126,2026-06-06,80,Mouse,Makassar,2,7017004,bank_transfer,14034008
127,2026-06-07,110,Headset,Bandung,4,10612843,ewallet,42451372
128,2026-06-05,34,Mouse,Medan,1,1507487,credit_card,1507487
129,2026-06-03,28,Headset,Surabaya,2,3388997,credit_card,6777994
130,2026-06-07,5,Headset,Bandung,4,12513975,credit_card,50055900
131,2026-06-03,7,Mouse,Surabaya,3,11812364,credit_card,35437092
132,2026-06-10,132,Mouse,Surabaya,5,10499284,ewallet,52496420
133,2026-06-01,47,Headset,Makassar,1,8844065,cash,8844065
134,2026-06-10,67,Mouse,Jakarta,1,3407830,cash,3407830
135,2026-06-08,191,Monitor,Jakarta,2,2489281,bank_transfer,4978562
136,2026-06-05,198,Laptop,Makassar,4,14589543,ewallet,58358172
137,2026-06-04,181,Headset,Medan,3,9465225,ewallet,28395675
138,2026-06-10,141,Monitor,Bandung,5,14153503,bank_transfer,70767515
139,2026-06-07,85,Headset,Makassar,5,6180574,cash,30902870
140,2026-06-05,28,Headset,Jakarta,5,652243,credit_card,3261215
141,2026-06-02,74,Laptop,Surabaya,1,11443063,bank_transfer,11443063
142,2026-06-09,162,Keyboard,Surabaya,1,11337707,credit_card,11337707
143,2026-06-11,164,Keyboard,Makassar,3,12125776,credit_card,36377328
144,2026-06-03,62,Monitor,Bandung,2,255920,cash,511840
145,2026-06-07,12,Headset,Medan,1,6957239,bank_transfer,6957239
146,2026-06-01,194,Mouse,Medan,2,9447637,cash,18895274
147,2026-06-05,40,Laptop,Surabaya,4,9379895,ewallet,37519580
148,2026-06-08,199,Laptop,Makassar,2,9878897,credit_card,19757794
149,2026-06-02,43,Headset,Jakarta,3,6983052,cash,20949156
150,2026-06-06,150,Mouse,Bandung,1,6412716,ewallet,6412716
151,2026-06-01,154,Keyboard,Bandung,3,4914593,bank_transfer,14743779
152,2026-06-11,118,Keyboard,Jakarta,4,10348739,ewallet,41394956
153,2026-06-02,151,Keyboard,Surabaya,3,1103875,credit_card,3311625
154,2026-06-02,170,Headset,Makassar,4,8945341,ewallet,35781364
155,2026-06-06,80,Headset,Jakarta,5,12876746,credit_card,64383730
156,2026-06-09,158,Mouse,Makassar,5,11621847,ewallet,58109235
157,2026-06-06,196,Keyboard,Makassar,3,1805451,cash,5416353
158,2026-06-10,188,Keyboard,Jakarta,4,3303822,credit_card,13215288
159,2026-06-10,146,Headset,Jakarta,3,3931358,bank_transfer,11794074
160,2026-06-09,44,Keyboard,Makassar,5,13979148,credit_card,69895740
161,2026-06-10,177,Laptop,Jakarta,2,487618,credit_card,975236
162,2026-06-01,121,Mouse,Bandung,2,14691922,cash,29383844
163,2026-06-11,2,Monitor,Medan,1,5519328,bank_transfer,5519328
164,2026-06-07,121,Headset,Jakarta,4,3111438,ewallet,12445752
165,2026-06-04,17,Laptop,Jakarta,4,9166527,credit_card,36666108
166,2026-06-02,69,Headset,Makassar,1,14437009,ewallet,14437009
167,2026-06-10,59,Laptop,Makassar,5,13718650,bank_transfer,68593250
168,2026-06-09,2,Laptop,Bandung,2,6601372,cash,13202744
169,2026-06-05,38,Mouse,Jakarta,5,2613513,cash,13067565
170,2026-06-10,24,Mouse,Bandung,5,1447212,credit_card,7236060
171,2026-06-11,23,Headset,Medan,2,1154855,credit_card,2309710
172,2026-06-11,144,Monitor,Medan,1,13497841,credit_card,13497841
173,2026-06-05,194,Headset,Medan,4,5195165,cash,20780660
174,2026-06-11,17,Headset,Makassar,1,3480397,bank_transfer,3480397
175,2026-06-10,15,Mouse,Medan,3,14101495,ewallet,42304485
176,2026-06-02,19,Headset,Makassar,4,7168814,cash,28675256
177,2026-06-07,83,Laptop,Makassar,4,2070182,ewallet,8280728
178,2026-06-04,63,Keyboard,Makassar,3,7834654,bank_transfer,23503962
179,2026-06-02,194,Monitor,Makassar,5,3324946,ewallet,16624730
180,2026-06-10,142,Monitor,Medan,1,13610463,bank_transfer,13610463
181,2026-06-02,140,Keyboard,Medan,4,7149076,cash,28596304
182,2026-06-07,13,Mouse,Makassar,2,2271795,ewallet,4543590
183,2026-06-04,62,Mouse,Medan,1,729740,credit_card,729740
184,2026-06-06,66,Monitor,Jakarta,3,9170957,ewallet,27512871
185,2026-06-10,78,Laptop,Bandung,3,7859046,credit_card,23577138
186,2026-06-02,148,Keyboard,Makassar,1,4096956,ewallet,4096956
187,2026-06-09,168,Monitor,Bandung,4,361211,ewallet,1444844
188,2026-06-01,168,Headset,Jakarta,4,5010815,ewallet,20043260
189,2026-06-10,128,Keyboard,Jakarta,1,14548493,credit_card,14548493
190,2026-06-02,83,Headset,Jakarta,5,10594019,ewallet,52970095
191,2026-06-06,55,Keyboard,Medan,2,476069,credit_card,952138
192,2026-06-09,74,Mouse,Bandung,3,6985530,ewallet,20956590
193,2026-06-01,111,Headset,Makassar,1,11792094,ewallet,11792094
194,2026-06-06,54,Monitor,Jakarta,2,8529440,cash,17058880
195,2026-06-10,131,Monitor,Jakarta,3,12760586,bank_transfer,38281758
196,2026-06-06,98,Headset,Makassar,5,9168999,ewallet,45844995
197,2026-06-08,25,Mouse,Medan,4,1930412,cash,7721648
198,2026-06-07,188,Keyboard,Surabaya,3,6633486,ewallet,19900458
199,2026-06-03,143,Keyboard,Jakarta,1,8843358,cash,8843358
200,2026-06-02,51,Laptop,Medan,4,1997582,bank_transfer,7990328
201,2026-06-09,96,Laptop,Bandung,3,13221077,cash,39663231
202,2026-06-04,122,Keyboard,Bandung,1,638116,credit_card,638116
203,2026-06-09,91,Mouse,Surabaya,4,7560197,bank_transfer,30240788
204,2026-06-03,97,Headset,Surabaya,4,9063394,cash,36253576
205,2026-06-10,180,Laptop,Jakarta,4,7018743,bank_transfer,28074972
206,2026-06-05,110,Headset,Medan,2,6603241,bank_transfer,13206482
207,2026-06-07,169,Headset,Bandung,3,13398474,credit_card,40195422
208,2026-06-03,84,Mouse,Surabaya,4,2602364,ewallet,10409456
209,2026-06-04,115,Keyboard,Makassar,2,6870181,bank_transfer,13740362
210,2026-06-11,55,Mouse,Medan,3,5756639,bank_transfer,17269917
211,2026-06-01,86,Mouse,Medan,1,3447300,credit_card,3447300
212,2026-06-10,96,Keyboard,Surabaya,3,10142751,cash,30428253
213,2026-06-03,104,Headset,Medan,5,5938220,cash,29691100
214,2026-06-11,156,Mouse,Medan,5,3703655,bank_transfer,18518275
215,2026-06-01,171,Laptop,Makassar,4,5197928,ewallet,20791712
216,2026-06-03,116,Monitor,Bandung,1,9079049,ewallet,9079049
217,2026-06-07,185,Monitor,Medan,1,10665487,bank_transfer,10665487
218,2026-06-09,56,Mouse,Makassar,5,6578920,credit_card,32894600
219,2026-06-01,60,Keyboard,Makassar,2,8942693,credit_card,17885386
220,2026-06-08,156,Laptop,Medan,3,9569767,bank_transfer,28709301
221,2026-06-05,137,Mouse,Medan,1,4098301,ewallet,4098301
222,2026-06-01,165,Laptop,Makassar,5,6969220,ewallet,34846100
223,2026-06-10,131,Keyboard,Bandung,5,4176165,ewallet,20880825
224,2026-06-04,62,Mouse,Jakarta,5,9401806,credit_card,47009030
225,2026-06-04,60,Mouse,Medan,5,5510706,cash,27553530
226,2026-06-06,191,Headset,Jakarta,2,12098963,ewallet,24197926
227,2026-06-05,97,Headset,Bandung,1,14586544,credit_card,14586544
228,2026-06-01,98,Laptop,Makassar,4,11125927,cash,44503708
229,2026-06-04,98,Headset,Medan,4,2939299,ewallet,11757196
230,2026-06-02,16,Headset,Medan,3,5643377,ewallet,16930131
231,2026-06-01,107,Monitor,Bandung,5,11847248,cash,59236240
232,2026-06-04,198,Monitor,Bandung,5,2294599,credit_card,11472995
233,2026-06-10,62,Laptop,Jakarta,5,939643,bank_transfer,4698215
234,2026-06-03,94,Keyboard,Bandung,2,10505046,cash,21010092
235,2026-06-05,28,Mouse,Jakarta,3,1557759,cash,4673277
236,2026-06-11,162,Mouse,Makassar,1,486482,bank_transfer,486482
237,2026-06-05,89,Monitor,Bandung,2,6145430,ewallet,12290860
238,2026-06-08,47,Keyboard,Makassar,2,8459906,cash,16919812
239,2026-06-04,98,Laptop,Jakarta,5,258906,credit_card,1294530
240,2026-06-04,68,Mouse,Bandung,5,3860737,ewallet,19303685
241,2026-06-06,24,Keyboard,Surabaya,5,709993,ewallet,3549965
242,2026-06-08,71,Mouse,Bandung,4,11481843,ewallet,45927372
243,2026-06-10,166,Keyboard,Bandung,3,14571603,bank_transfer,43714809
244,2026-06-01,169,Keyboard,Jakarta,1,13446535,ewallet,13446535
245,2026-06-06,13,Headset,Makassar,4,10026570,ewallet,40106280
246,2026-06-02,137,Monitor,Surabaya,5,4593295,bank_transfer,22966475
247,2026-06-10,108,Keyboard,Medan,4,3981241,credit_card,15924964
248,2026-06-02,64,Mouse,Makassar,1,14377133,bank_transfer,14377133
249,2026-06-02,183,Headset,Surabaya,3,8161336,cash,24484008
250,2026-06-09,168,Laptop,Medan,2,4111001,credit_card,8222002
251,2026-06-01,149,Keyboard,Makassar,5,13018404,bank_transfer,65092020
252,2026-06-04,125,Monitor,Bandung,1,14846414,bank_transfer,14846414
253,2026-06-06,194,Monitor,Medan,3,5104355,bank_transfer,15313065
254,2026-06-05,156,Keyboard,Surabaya,1,13044422,credit_card,13044422
255,2026-06-04,117,Keyboard,Medan,3,13413170,bank_transfer,40239510
256,2026-06-04,37,Keyboard,Jakarta,5,1614568,credit_card,8072840
257,2026-06-02,26,Monitor,Surabaya,3,12169924,bank_transfer,36509772
258,2026-06-03,44,Keyboard,Medan,5,1785999,credit_card,8929995
259,2026-06-03,17,Laptop,Surabaya,4,11807965,credit_card,47231860
260,2026-06-05,139,Headset,Surabaya,2,6723674,cash,13447348
261,2026-06-08,46,Monitor,Bandung,3,5042822,bank_transfer,15128466
262,2026-06-03,22,Headset,Jakarta,1,2772877,bank_transfer,2772877
263,2026-06-08,17,Headset,Bandung,5,11693792,cash,58468960
264,2026-06-04,77,Laptop,Surabaya,5,14939637,ewallet,74698185
265,2026-06-10,199,Headset,Bandung,2,12472766,cash,24945532
266,2026-06-10,128,Headset,Surabaya,2,14054215,credit_card,28108430
267,2026-06-03,120,Laptop,Surabaya,1,14573076,bank_transfer,14573076
268,2026-06-08,68,Laptop,Bandung,1,13195443,bank_transfer,13195443
269,2026-06-08,32,Monitor,Makassar,3,3600478,ewallet,10801434
270,2026-06-03,144,Laptop,Medan,5,4918652,bank_transfer,24593260
271,2026-06-10,138,Laptop,Makassar,4,9948478,ewallet,39793912
272,2026-06-06,145,Headset,Medan,1,7984190,cash,7984190
273,2026-06-11,126,Keyboard,Jakarta,5,14508769,credit_card,72543845
274,2026-06-09,77,Mouse,Makassar,5,3089586,ewallet,15447930
275,2026-06-03,17,Headset,Jakarta,4,14914988,ewallet,59659952
276,2026-06-07,176,Keyboard,Makassar,5,7765641,ewallet,38828205
277,2026-06-10,153,Keyboard,Surabaya,2,6365909,ewallet,12731818
278,2026-06-06,190,Headset,Surabaya,5,12286900,credit_card,61434500
279,2026-06-10,14,Monitor,Bandung,3,10504473,cash,31513419
280,2026-06-10,29,Headset,Bandung,2,8568620,bank_transfer,17137240
281,2026-06-02,121,Laptop,Jakarta,3,2695097,credit_card,8085291
282,2026-06-11,182,Headset,Bandung,1,14261145,cash,14261145
283,2026-06-07,193,Mouse,Jakarta,3,1980145,ewallet,5940435
284,2026-06-06,102,Keyboard,Surabaya,1,14502122,credit_card,14502122
285,2026-06-04,174,Headset,Bandung,1,7642984,ewallet,7642984
286,2026-06-08,36,Keyboard,Surabaya,4,9578175,credit_card,38312700
287,2026-06-09,135,Monitor,Jakarta,5,13604447,ewallet,68022235
288,2026-06-06,61,Keyboard,Makassar,2,13574684,bank_transfer,27149368
289,2026-06-08,6,Monitor,Surabaya,4,13488093,ewallet,53952372
290,2026-06-09,53,Monitor,Surabaya,4,12438095,credit_card,49752380
291,2026-06-03,72,Laptop,Jakarta,1,13191390,bank_transfer,13191390
292,2026-06-03,152,Laptop,Bandung,5,8983242,ewallet,44916210
293,2026-06-05,48,Mouse,Medan,3,8982359,credit_card,26947077
294,2026-06-08,105,Mouse,Surabaya,4,6657509,cash,26630036
295,2026-06-05,167,Monitor,Makassar,4,1550332,cash,6201328
296,2026-06-06,131,Monitor,Medan,5,6845473,bank_transfer,34227365
297,2026-06-07,91,Mouse,Surabaya,5,3294443,bank_transfer,16472215
298,2026-06-06,126,Keyboard,Surabaya,3,7658081,cash,22974243
299,2026-06-05,190,Monitor,Medan,1,351848,credit_card,351848
300,2026-06-10,106,Headset,Makassar,2,3695593,cash,7391186
301,2026-06-03,34,Laptop,Jakarta,5,5018429,cash,25092145
302,2026-06-05,5,Mouse,Bandung,1,4803867,ewallet,4803867
303,2026-06-04,88,Mouse,Jakarta,1,8461293,credit_card,8461293
304,2026-06-07,63,Mouse,Medan,5,2735626,credit_card,13678130
305,2026-06-02,66,Mouse,Jakarta,4,10784292,credit_card,43137168
306,2026-06-09,10,Keyboard,Makassar,3,13192975,bank_transfer,39578925
307,2026-06-09,15,Monitor,Surabaya,3,7258442,bank_transfer,21775326
308,2026-06-09,4,Laptop,Surabaya,1,710750,bank_transfer,710750
309,2026-06-04,4,Monitor,Medan,4,146622,ewallet,586488
310,2026-06-09,157,Mouse,Makassar,5,11737815,ewallet,58689075
311,2026-06-08,52,Keyboard,Makassar,1,1167918,cash,1167918
312,2026-06-09,95,Laptop,Medan,2,433904,cash,867808
313,2026-06-09,105,Laptop,Bandung,2,6269701,ewallet,12539402
314,2026-06-07,29,Mouse,Makassar,3,7076877,credit_card,21230631
315,2026-06-11,158,Monitor,Surabaya,3,9562118,ewallet,28686354
316,2026-06-04,45,Headset,Medan,5,10109859,ewallet,50549295
317,2026-06-08,125,Headset,Bandung,5,12265041,ewallet,61325205
318,2026-06-05,50,Headset,Surabaya,3,7246531,cash,21739593
319,2026-06-11,120,Mouse,Bandung,1,14286552,credit_card,14286552
320,2026-06-05,121,Laptop,Medan,5,2167844,ewallet,10839220
321,2026-06-07,5,Headset,Bandung,1,6768090,credit_card,6768090
322,2026-06-04,171,Headset,Makassar,3,339209,cash,1017627
323,2026-06-06,128,Mouse,Surabaya,2,11175084,cash,22350168
324,2026-06-08,109,Headset,Makassar,5,5982313,bank_transfer,29911565
325,2026-06-01,156,Headset,Bandung,5,6048131,ewallet,30240655
326,2026-06-09,105,Laptop,Medan,3,7791958,cash,23375874
327,2026-06-09,196,Mouse,Jakarta,4,1037127,bank_transfer,4148508
328,2026-06-01,48,Mouse,Medan,5,12755081,cash,63775405
329,2026-06-09,68,Mouse,Medan,1,9772646,ewallet,9772646
330,2026-06-08,111,Headset,Bandung,2,11922121,ewallet,23844242
331,2026-06-06,23,Laptop,Makassar,2,14326370,credit_card,28652740
332,2026-06-01,199,Laptop,Makassar,5,10519147,bank_transfer,52595735
333,2026-06-08,99,Headset,Surabaya,1,9105731,ewallet,9105731
334,2026-06-10,196,Keyboard,Medan,3,3937298,cash,11811894
335,2026-06-09,179,Keyboard,Makassar,3,2856833,credit_card,8570499
336,2026-06-08,56,Mouse,Bandung,5,13472322,ewallet,67361610
337,2026-06-08,164,Keyboard,Medan,2,8614495,cash,17228990
338,2026-06-02,81,Keyboard,Jakarta,2,6259397,credit_card,12518794
339,2026-06-08,44,Keyboard,Makassar,4,10956846,cash,43827384
340,2026-06-09,196,Monitor,Bandung,5,5515475,cash,27577375
341,2026-06-09,100,Keyboard,Makassar,1,174663,cash,174663
342,2026-06-11,78,Mouse,Surabaya,3,4848370,bank_transfer,14545110
343,2026-06-09,119,Laptop,Makassar,2,12274770,bank_transfer,24549540
344,2026-06-06,133,Headset,Makassar,1,4708659,cash,4708659
345,2026-06-07,183,Laptop,Surabaya,1,9690226,bank_transfer,9690226
346,2026-06-07,156,Keyboard,Bandung,2,1916663,cash,3833326
347,2026-06-10,115,Keyboard,Bandung,4,14409698,credit_card,57638792
348,2026-06-03,128,Mouse,Surabaya,4,14390435,bank_transfer,57561740
349,2026-06-04,25,Headset,Jakarta,2,9652474,credit_card,19304948
350,2026-06-07,25,Monitor,Jakarta,2,12822828,cash,25645656
351,2026-06-03,141,Monitor,Medan,5,7126386,cash,35631930
352,2026-06-07,16,Headset,Jakarta,5,2090376,bank_transfer,10451880
353,2026-06-02,170,Mouse,Bandung,3,12393682,bank_transfer,37181046
354,2026-06-05,179,Monitor,Bandung,3,11905242,cash,35715726
355,2026-06-08,3,Mouse,Medan,2,5004225,ewallet,10008450
356,2026-06-02,116,Monitor,Bandung,2,13249190,bank_transfer,26498380
357,2026-06-05,165,Mouse,Bandung,1,5134186,ewallet,5134186
358,2026-06-06,140,Mouse,Bandung,2,2072653,bank_transfer,4145306
359,2026-06-03,35,Headset,Surabaya,2,801077,bank_transfer,1602154
360,2026-06-04,81,Mouse,Bandung,4,8200668,bank_transfer,32802672
361,2026-06-11,146,Laptop,Bandung,4,5570958,credit_card,22283832
362,2026-06-05,186,Headset,Surabaya,5,1169428,credit_card,5847140
363,2026-06-09,8,Headset,Makassar,5,7871832,credit_card,39359160
364,2026-06-03,112,Keyboard,Surabaya,3,897383,credit_card,2692149
365,2026-06-07,82,Keyboard,Medan,1,12835670,credit_card,12835670
366,2026-06-06,65,Mouse,Medan,2,2109747,bank_transfer,4219494
367,2026-06-01,135,Keyboard,Makassar,4,5547613,bank_transfer,22190452
368,2026-06-05,104,Keyboard,Makassar,1,14183018,bank_transfer,14183018
369,2026-06-03,125,Laptop,Bandung,3,7709581,bank_transfer,23128743
370,2026-06-09,23,Headset,Jakarta,4,10822617,bank_transfer,43290468
371,2026-06-10,138,Mouse,Jakarta,5,4393265,ewallet,21966325
372,2026-06-05,59,Headset,Jakarta,1,5507104,ewallet,5507104
373,2026-06-03,191,Keyboard,Makassar,3,9091400,cash,27274200
374,2026-06-08,67,Keyboard,Bandung,5,7189914,cash,35949570
375,2026-06-01,117,Monitor,Makassar,4,10907886,ewallet,43631544
376,2026-06-11,88,Headset,Bandung,3,1975409,credit_card,5926227
377,2026-06-01,182,Mouse,Jakarta,3,13513402,credit_card,40540206
378,2026-06-04,167,Headset,Jakarta,4,10781447,bank_transfer,43125788
379,2026-06-05,121,Mouse,Bandung,4,12477788,cash,49911152
380,2026-06-03,82,Monitor,Bandung,2,2887571,ewallet,5775142
381,2026-06-10,112,Keyboard,Jakarta,1,10809606,bank_transfer,10809606
382,2026-06-02,125,Mouse,Bandung,4,3604945,ewallet,14419780
383,2026-06-02,144,Mouse,Jakarta,4,1987515,credit_card,7950060
384,2026-06-05,106,Monitor,Medan,4,7751227,credit_card,31004908
385,2026-06-03,137,Monitor,Bandung,3,7399227,ewallet,22197681
386,2026-06-08,169,Mouse,Surabaya,5,13964399,bank_transfer,69821995
387,2026-06-05,171,Mouse,Makassar,4,5870649,ewallet,23482596
388,2026-06-10,127,Mouse,Surabaya,1,6647003,bank_transfer,6647003
389,2026-06-06,36,Keyboard,Surabaya,1,13098883,credit_card,13098883
390,2026-06-02,168,Headset,Surabaya,5,8394666,bank_transfer,41973330
391,2026-06-10,132,Monitor,Makassar,5,9051204,cash,45256020
392,2026-06-07,172,Mouse,Bandung,4,2976901,credit_card,11907604
393,2026-06-03,113,Monitor,Jakarta,1,551707,bank_transfer,551707
394,2026-06-09,170,Keyboard,Bandung,3,10536155,bank_transfer,31608465
395,2026-06-02,154,Mouse,Medan,3,12758589,cash,38275767
396,2026-06-09,114,Keyboard,Medan,4,2686893,ewallet,10747572
397,2026-06-01,197,Headset,Bandung,5,11235201,ewallet,56176005
398,2026-06-04,166,Laptop,Jakarta,1,1595272,cash,1595272
399,2026-06-01,57,Keyboard,Bandung,3,7300227,cash,21900681
400,2026-06-04,149,Keyboard,Jakarta,2,5332975,cash,10665950
401,2026-06-02,65,Mouse,Surabaya,4,11733923,credit_card,46935692
402,2026-06-04,97,Laptop,Bandung,1,6090683,cash,6090683
403,2026-06-05,17,Headset,Bandung,1,10631658,credit_card,10631658
404,2026-06-11,142,Mouse,Jakarta,5,2283636,ewallet,11418180
405,2026-06-08,44,Mouse,Medan,4,9855638,ewallet,39422552
406,2026-06-03,26,Mouse,Bandung,4,10275246,ewallet,41100984
407,2026-06-01,118,Monitor,Jakarta,1,13292421,bank_transfer,13292421
408,2026-06-04,187,Headset,Medan,2,14798145,bank_transfer,29596290
409,2026-06-09,142,Keyboard,Surabaya,3,834741,ewallet,2504223
410,2026-06-06,45,Mouse,Surabaya,5,8743181,ewallet,43715905
411,2026-06-06,140,Monitor,Jakarta,5,9621396,credit_card,48106980
412,2026-06-11,106,Monitor,Jakarta,4,8519036,cash,34076144
413,2026-06-08,199,Keyboard,Jakarta,3,4578691,bank_transfer,13736073
414,2026-06-07,79,Monitor,Jakarta,1,12432704,credit_card,12432704
415,2026-06-09,58,Mouse,Surabaya,1,12803373,ewallet,12803373
416,2026-06-07,8,Mouse,Jakarta,1,1037377,credit_card,1037377
417,2026-06-03,115,Keyboard,Makassar,5,6867269,bank_transfer,34336345
418,2026-06-11,184,Headset,Jakarta,5,10455343,bank_transfer,52276715
419,2026-06-11,22,Mouse,Jakarta,5,2299364,credit_card,11496820
420,2026-06-07,68,Monitor,Bandung,3,12360494,credit_card,37081482
421,2026-06-09,179,Headset,Medan,4,7904186,credit_card,31616744
422,2026-06-04,195,Keyboard,Surabaya,1,14095368,bank_transfer,14095368
423,2026-06-04,178,Mouse,Medan,5,3197152,cash,15985760
424,2026-06-06,30,Monitor,Makassar,1,4903829,bank_transfer,4903829
425,2026-06-08,82,Laptop,Jakarta,3,9541277,bank_transfer,28623831
426,2026-06-07,34,Monitor,Jakarta,3,6554903,bank_transfer,19664709
427,2026-06-06,20,Keyboard,Medan,1,8722553,bank_transfer,8722553
428,2026-06-04,109,Keyboard,Makassar,1,11784149,ewallet,11784149
429,2026-06-10,75,Mouse,Bandung,1,2950257,cash,2950257
430,2026-06-09,34,Monitor,Surabaya,5,10072229,bank_transfer,50361145
431,2026-06-09,33,Mouse,Jakarta,5,2611145,ewallet,13055725
432,2026-06-01,129,Headset,Makassar,1,5441496,ewallet,5441496
433,2026-06-03,49,Headset,Makassar,3,11416579,ewallet,34249737
434,2026-06-06,26,Laptop,Jakarta,2,13813155,cash,27626310
435,2026-06-09,25,Mouse,Medan,3,12852295,credit_card,38556885
436,2026-06-02,194,Keyboard,Makassar,4,2585243,cash,10340972
437,2026-06-06,102,Keyboard,Bandung,4,9257653,credit_card,37030612
438,2026-06-05,183,Headset,Bandung,3,916308,credit_card,2748924
439,2026-06-06,168,Monitor,Bandung,2,3611043,cash,7222086
440,2026-06-03,121,Monitor,Medan,3,3566317,bank_transfer,10698951
441,2026-06-09,35,Monitor,Medan,3,5436508,credit_card,16309524
442,2026-06-02,157,Mouse,Medan,5,9167345,cash,45836725
443,2026-06-08,128,Monitor,Jakarta,1,8025974,credit_card,8025974
444,2026-06-06,33,Monitor,Jakarta,1,5730650,ewallet,5730650
445,2026-06-10,37,Mouse,Bandung,4,2097787,credit_card,8391148
446,2026-06-03,118,Mouse,Surabaya,4,10767648,cash,43070592
447,2026-06-03,51,Keyboard,Bandung,1,11068541,bank_transfer,11068541
448,2026-06-11,138,Headset,Makassar,2,2271110,bank_transfer,4542220
449,2026-06-09,98,Keyboard,Medan,5,12854544,ewallet,64272720
450,2026-06-05,59,Mouse,Medan,2,13139187,ewallet,26278374
451,2026-06-10,116,Headset,Jakarta,5,2819709,credit_card,14098545
452,2026-06-03,106,Monitor,Medan,4,1200874,bank_transfer,4803496
453,2026-06-03,158,Mouse,Bandung,5,12673301,ewallet,63366505
454,2026-06-08,64,Monitor,Bandung,2,8238757,cash,16477514
455,2026-06-05,119,Headset,Bandung,1,5648839,bank_transfer,5648839
456,2026-06-07,80,Monitor,Medan,3,3222468,credit_card,9667404
457,2026-06-04,79,Mouse,Surabaya,2,12992269,ewallet,25984538
458,2026-06-07,200,Monitor,Bandung,4,12560822,credit_card,50243288
459,2026-06-10,6,Monitor,Surabaya,5,9358874,cash,46794370
460,2026-06-07,172,Keyboard,Makassar,1,4125666,bank_transfer,4125666
461,2026-06-07,104,Laptop,Surabaya,1,7625507,credit_card,7625507
462,2026-06-01,12,Headset,Surabaya,4,3552025,ewallet,14208100
463,2026-06-11,162,Monitor,Makassar,4,8287391,credit_card,33149564
464,2026-06-07,125,Monitor,Medan,4,6173398,cash,24693592
465,2026-06-09,53,Mouse,Jakarta,4,1617965,cash,6471860
466,2026-06-09,60,Headset,Bandung,5,13951002,cash,69755010
467,2026-06-03,133,Mouse,Bandung,5,14106728,ewallet,70533640
468,2026-06-03,160,Mouse,Bandung,4,7762088,bank_transfer,31048352
469,2026-06-04,115,Laptop,Medan,4,4159941,cash,16639764
470,2026-06-11,3,Mouse,Bandung,2,6903501,ewallet,13807002
471,2026-06-03,39,Monitor,Bandung,4,3641392,ewallet,14565568
472,2026-06-01,90,Monitor,Surabaya,4,5565862,ewallet,22263448
473,2026-06-10,145,Monitor,Surabaya,2,3880205,cash,7760410
474,2026-06-11,63,Mouse,Jakarta,2,11473522,bank_transfer,22947044
475,2026-06-04,57,Mouse,Jakarta,1,337804,cash,337804
476,2026-06-05,66,Mouse,Jakarta,3,13712327,credit_card,41136981
477,2026-06-06,98,Laptop,Surabaya,1,1519230,bank_transfer,1519230
478,2026-06-05,34,Keyboard,Jakarta,4,6070718,credit_card,24282872
479,2026-06-06,15,Keyboard,Makassar,2,13589219,ewallet,27178438
480,2026-06-07,91,Mouse,Bandung,5,1060784,cash,5303920
481,2026-06-03,29,Monitor,Surabaya,5,5969456,ewallet,29847280
482,2026-06-03,125,Monitor,Surabaya,5,5296326,bank_transfer,26481630
483,2026-06-11,43,Monitor,Surabaya,5,8250987,bank_transfer,41254935
484,2026-06-01,26,Keyboard,Bandung,2,7509326,cash,15018652
485,2026-06-02,114,Laptop,Bandung,1,1536099,ewallet,1536099
486,2026-06-06,171,Laptop,Bandung,5,8491781,credit_card,42458905
487,2026-06-10,36,Headset,Medan,5,13367860,credit_card,66839300
488,2026-06-02,155,Keyboard,Bandung,5,10428795,bank_transfer,52143975
489,2026-06-09,114,Monitor,Surabaya,3,10328151,cash,30984453
490,2026-06-08,119,Mouse,Jakarta,1,13298865,credit_card,13298865
491,2026-06-05,169,Laptop,Surabaya,2,61607,ewallet,123214
492,2026-06-05,120,Mouse,Makassar,5,9774346,credit_card,48871730
493,2026-06-02,126,Headset,Medan,5,7937317,cash,39686585
494,2026-06-09,25,Mouse,Bandung,5,416011,cash,2080055
495,2026-06-09,113,Laptop,Surabaya,1,3458776,credit_card,3458776
496,2026-06-06,72,Mouse,Bandung,5,5761077,bank_transfer,28805385
497,2026-06-03,73,Keyboard,Surabaya,3,10790709,cash,32372127
498,2026-06-05,189,Mouse,Makassar,4,9822674,credit_card,39290696
499,2026-06-03,137,Monitor,Medan,4,9807539,credit_card,39230156
500,2026-06-08,7,Keyboard,Jakarta,1,10107758,ewallet,10107758
501,2026-06-07,140,Laptop,Surabaya,2,1389928,ewallet,2779856
502,2026-06-10,197,Monitor,Surabaya,1,1430227,cash,1430227
503,2026-06-08,26,Mouse,Surabaya,1,3806476,bank_transfer,3806476
504,2026-06-06,162,Mouse,Bandung,3,12164987,ewallet,36494961
505,2026-06-05,107,Mouse,Surabaya,5,4412136,credit_card,22060680
506,2026-06-01,198,Mouse,Medan,3,10661754,bank_transfer,31985262
507,2026-06-03,116,Mouse,Bandung,1,2834220,ewallet,2834220
508,2026-06-07,103,Keyboard,Makassar,4,6674061,cash,26696244
509,2026-06-10,61,Headset,Bandung,3,14138479,bank_transfer,42415437
510,2026-06-10,114,Keyboard,Makassar,5,8218477,ewallet,41092385
511,2026-06-05,149,Headset,Surabaya,5,12539476,credit_card,62697380
512,2026-06-08,200,Headset,Bandung,3,1370246,credit_card,4110738
513,2026-06-10,80,Headset,Makassar,1,7836065,ewallet,7836065
514,2026-06-06,64,Keyboard,Surabaya,4,6635966,ewallet,26543864
515,2026-06-01,93,Headset,Jakarta,2,506461,bank_transfer,1012922
516,2026-06-02,67,Laptop,Makassar,4,11917733,ewallet,47670932
517,2026-06-05,155,Laptop,Surabaya,4,8226109,credit_card,32904436
518,2026-06-10,10,Headset,Bandung,1,8481444,ewallet,8481444
519,2026-06-06,123,Keyboard,Makassar,4,13600156,cash,54400624
520,2026-06-01,164,Monitor,Medan,5,13089346,credit_card,65446730
521,2026-06-02,199,Monitor,Bandung,3,6375298,ewallet,19125894
522,2026-06-08,47,Laptop,Makassar,2,12752136,ewallet,25504272
523,2026-06-09,24,Headset,Makassar,5,6660211,ewallet,33301055
524,2026-06-01,191,Laptop,Makassar,1,8794582,ewallet,8794582
525,2026-06-07,28,Mouse,Bandung,3,6560491,bank_transfer,19681473
526,2026-06-06,106,Headset,Bandung,4,7769154,bank_transfer,31076616
527,2026-06-02,128,Laptop,Makassar,5,14675031,cash,73375155
528,2026-06-01,30,Keyboard,Surabaya,1,11617325,credit_card,11617325
529,2026-06-09,174,Headset,Medan,4,10777790,cash,43111160
530,2026-06-06,136,Monitor,Jakarta,4,10363428,bank_transfer,41453712
531,2026-06-02,129,Monitor,Jakarta,2,4044681,credit_card,8089362
532,2026-06-06,196,Monitor,Jakarta,1,10119656,ewallet,10119656
533,2026-06-08,41,Monitor,Medan,4,12338295,credit_card,49353180
534,2026-06-05,33,Monitor,Jakarta,4,8937900,bank_transfer,35751600
535,2026-06-11,92,Monitor,Makassar,1,3164112,credit_card,3164112
536,2026-06-04,180,Keyboard,Surabaya,3,3979919,ewallet,11939757
537,2026-06-11,162,Monitor,Medan,2,3164481,bank_transfer,6328962
538,2026-06-08,58,Monitor,Jakarta,2,10714044,cash,21428088
539,2026-06-06,133,Monitor,Surabaya,4,7087157,ewallet,28348628
540,2026-06-08,133,Keyboard,Makassar,2,6925502,ewallet,13851004
541,2026-06-11,23,Monitor,Bandung,2,6836091,credit_card,13672182
542,2026-06-10,145,Mouse,Jakarta,2,5075733,credit_card,10151466
543,2026-06-04,20,Mouse,Makassar,2,13275673,ewallet,26551346
544,2026-06-05,114,Monitor,Jakarta,4,4446451,cash,17785804
545,2026-06-06,3,Headset,Makassar,5,1908234,cash,9541170
546,2026-06-11,183,Monitor,Makassar,4,5696382,bank_transfer,22785528
547,2026-06-06,190,Laptop,Surabaya,3,7736986,cash,23210958
548,2026-06-06,97,Laptop,Bandung,1,12289514,ewallet,12289514
549,2026-06-04,30,Keyboard,Jakarta,4,12488838,ewallet,49955352
550,2026-06-08,74,Keyboard,Jakarta,4,3426579,ewallet,13706316
551,2026-06-02,196,Mouse,Bandung,1,9591420,ewallet,9591420
552,2026-06-02,74,Headset,Medan,4,6953756,cash,27815024
553,2026-06-05,23,Keyboard,Makassar,1,4778779,bank_transfer,4778779
554,2026-06-11,23,Keyboard,Medan,3,4065802,ewallet,12197406
555,2026-06-02,145,Headset,Makassar,5,9443551,bank_transfer,47217755
556,2026-06-06,116,Headset,Bandung,5,3434859,credit_card,17174295
557,2026-06-01,107,Headset,Surabaya,1,6316797,cash,6316797
558,2026-06-05,81,Headset,Bandung,4,10890111,bank_transfer,43560444
559,2026-06-05,135,Mouse,Jakarta,5,2009632,credit_card,10048160
560,2026-06-02,89,Keyboard,Medan,4,5448632,credit_card,21794528
561,2026-06-03,24,Monitor,Bandung,4,747072,credit_card,2988288
562,2026-06-08,102,Headset,Medan,3,2343468,bank_transfer,7030404
563,2026-06-01,163,Mouse,Makassar,3,12533877,ewallet,37601631
564,2026-06-01,199,Laptop,Medan,1,13574993,ewallet,13574993
565,2026-06-06,187,Headset,Makassar,2,14951958,ewallet,29903916
566,2026-06-09,149,Keyboard,Bandung,5,14242730,credit_card,71213650
567,2026-06-01,181,Monitor,Medan,4,13255699,credit_card,53022796
568,2026-06-02,78,Keyboard,Surabaya,5,6363589,cash,31817945
569,2026-06-04,145,Laptop,Medan,3,5996806,ewallet,17990418
570,2026-06-06,137,Mouse,Surabaya,3,8672145,ewallet,26016435
571,2026-06-09,154,Headset,Medan,5,12687840,ewallet,63439200
572,2026-06-08,33,Laptop,Medan,5,6541831,cash,32709155
573,2026-06-09,153,Laptop,Surabaya,4,12209059,credit_card,48836236
574,2026-06-03,157,Headset,Jakarta,1,5948306,ewallet,5948306
575,2026-06-03,182,Mouse,Medan,5,14009941,bank_transfer,70049705
576,2026-06-01,75,Monitor,Medan,4,9749061,credit_card,38996244
577,2026-06-04,72,Mouse,Jakarta,1,9722858,ewallet,9722858
578,2026-06-05,28,Keyboard,Jakarta,3,14622793,ewallet,43868379
579,2026-06-11,61,Headset,Medan,2,12171592,cash,24343184
580,2026-06-03,39,Headset,Makassar,5,11708862,bank_transfer,58544310
581,2026-06-07,107,Mouse,Bandung,4,10650644,cash,42602576
582,2026-06-08,130,Laptop,Makassar,4,14634761,bank_transfer,58539044
583,2026-06-07,56,Laptop,Surabaya,5,2322292,bank_transfer,11611460
584,2026-06-08,147,Monitor,Makassar,2,1769442,ewallet,3538884
585,2026-06-03,92,Laptop,Jakarta,1,6791431,bank_transfer,6791431
586,2026-06-06,74,Keyboard,Medan,1,7506962,bank_transfer,7506962
587,2026-06-01,135,Mouse,Medan,5,7037390,bank_transfer,35186950
588,2026-06-06,152,Keyboard,Bandung,5,737749,ewallet,3688745
589,2026-06-10,165,Mouse,Makassar,2,3426344,cash,6852688
590,2026-06-06,21,Headset,Surabaya,5,13664976,cash,68324880
591,2026-06-08,17,Keyboard,Bandung,5,10095579,ewallet,50477895
592,2026-06-07,178,Mouse,Surabaya,3,6259989,bank_transfer,18779967
593,2026-06-04,150,Headset,Jakarta,3,11430528,bank_transfer,34291584
594,2026-06-11,28,Laptop,Jakarta,3,8966699,bank_transfer,26900097
595,2026-06-10,86,Laptop,Bandung,1,13477033,cash,13477033
596,2026-06-02,75,Keyboard,Makassar,4,11942540,bank_transfer,47770160
597,2026-06-06,92,Mouse,Medan,2,5162936,credit_card,10325872
598,2026-06-09,7,Mouse,Medan,4,3196665,ewallet,12786660
599,2026-06-04,1,Monitor,Surabaya,4,14861725,credit_card,59446900
600,2026-06-05,89,Monitor,Makassar,5,2900869,ewallet,14504345
601,2026-06-11,34,Keyboard,Surabaya,1,14115316,bank_transfer,14115316
602,2026-06-05,143,Laptop,Medan,3,1510578,bank_transfer,4531734
603,2026-06-09,47,Monitor,Medan,1,475043,credit_card,475043
604,2026-06-05,39,Mouse,Bandung,2,12027828,cash,24055656
605,2026-06-06,154,Monitor,Surabaya,5,11793895,cash,58969475
606,2026-06-08,31,Monitor,Medan,2,14804207,bank_transfer,29608414
607,2026-06-05,177,Keyboard,Jakarta,1,7495674,bank_transfer,7495674
608,2026-06-02,155,Keyboard,Jakarta,5,14459078,cash,72295390
609,2026-06-02,67,Monitor,Bandung,3,11639445,credit_card,34918335
610,2026-06-07,92,Keyboard,Surabaya,4,6687790,ewallet,26751160
611,2026-06-10,186,Laptop,Jakarta,2,13060340,cash,26120680
612,2026-06-02,194,Headset,Surabaya,3,641123,bank_transfer,1923369
613,2026-06-04,162,Laptop,Surabaya,5,1300745,credit_card,6503725
614,2026-06-09,9,Laptop,Makassar,1,14780400,cash,14780400
615,2026-06-01,120,Keyboard,Bandung,1,14591102,cash,14591102
616,2026-06-05,127,Laptop,Medan,2,5559067,cash,11118134
617,2026-06-08,113,Keyboard,Medan,3,6659772,cash,19979316
618,2026-06-09,54,Monitor,Makassar,1,5267189,cash,5267189
619,2026-06-03,25,Mouse,Jakarta,3,12940578,credit_card,38821734
620,2026-06-01,102,Keyboard,Medan,4,3430642,bank_transfer,13722568
621,2026-06-08,134,Headset,Jakarta,3,5408030,credit_card,16224090
622,2026-06-03,197,Headset,Makassar,2,13905295,credit_card,27810590
623,2026-06-10,129,Mouse,Surabaya,5,3820946,bank_transfer,19104730
624,2026-06-08,139,Headset,Jakarta,4,7825113,bank_transfer,31300452
625,2026-06-06,43,Laptop,Bandung,3,10713850,bank_transfer,32141550
626,2026-06-11,56,Keyboard,Surabaya,2,2676347,bank_transfer,5352694
627,2026-06-05,130,Headset,Bandung,3,80832,bank_transfer,242496
628,2026-06-04,187,Mouse,Makassar,3,5358827,credit_card,16076481
629,2026-06-06,110,Laptop,Makassar,5,11383197,cash,56915985
630,2026-06-11,166,Laptop,Surabaya,3,1149996,credit_card,3449988
631,2026-06-03,45,Keyboard,Bandung,3,11088582,credit_card,33265746
632,2026-06-06,47,Monitor,Bandung,4,13557121,ewallet,54228484
633,2026-06-03,113,Laptop,Bandung,1,4329714,bank_transfer,4329714
634,2026-06-08,7,Mouse,Surabaya,1,12517340,cash,12517340
635,2026-06-10,170,Mouse,Bandung,1,288721,cash,288721
636,2026-06-07,109,Headset,Makassar,4,9823372,ewallet,39293488
637,2026-06-11,32,Monitor,Medan,1,637135,credit_card,637135
638,2026-06-03,166,Mouse,Makassar,5,4711396,cash,23556980
639,2026-06-03,143,Keyboard,Jakarta,2,10530070,credit_card,21060140
640,2026-06-04,132,Headset,Surabaya,2,7199132,credit_card,14398264
641,2026-06-08,142,Monitor,Jakarta,3,7544230,credit_card,22632690
642,2026-06-06,162,Headset,Jakarta,5,3543239,credit_card,17716195
643,2026-06-04,99,Laptop,Jakarta,2,6661354,bank_transfer,13322708
644,2026-06-03,12,Keyboard,Jakarta,1,8381725,ewallet,8381725
645,2026-06-08,167,Mouse,Jakarta,2,2264526,credit_card,4529052
646,2026-06-09,32,Laptop,Bandung,5,1260171,credit_card,6300855
647,2026-06-06,78,Headset,Bandung,5,11872813,ewallet,59364065
648,2026-06-10,32,Monitor,Makassar,3,525073,credit_card,1575219
649,2026-06-06,37,Mouse,Medan,3,762486,credit_card,2287458
650,2026-06-01,117,Laptop,Surabaya,5,13774821,ewallet,68874105
651,2026-06-04,12,Monitor,Surabaya,3,5012831,credit_card,15038493
652,2026-06-09,43,Headset,Makassar,1,183033,credit_card,183033
653,2026-06-10,121,Keyboard,Makassar,2,13549144,ewallet,27098288
654,2026-06-09,36,Mouse,Bandung,3,11808671,ewallet,35426013
655,2026-06-08,133,Mouse,Medan,2,11933291,ewallet,23866582
656,2026-06-02,166,Headset,Jakarta,2,14009967,credit_card,28019934
657,2026-06-02,134,Headset,Surabaya,3,9959616,credit_card,29878848
658,2026-06-01,99,Keyboard,Bandung,4,13190421,credit_card,52761684
659,2026-06-10,27,Monitor,Surabaya,3,1717204,ewallet,5151612
660,2026-06-05,121,Monitor,Makassar,1,4876069,cash,4876069
661,2026-06-05,153,Headset,Medan,5,3040907,ewallet,15204535
662,2026-06-04,60,Mouse,Bandung,2,2396370,ewallet,4792740
663,2026-06-10,167,Monitor,Jakarta,3,3998332,ewallet,11994996
664,2026-06-11,50,Mouse,Surabaya,2,3368338,bank_transfer,6736676
665,2026-06-07,81,Monitor,Bandung,1,7749355,credit_card,7749355
666,2026-06-09,59,Monitor,Medan,2,3667790,ewallet,7335580
667,2026-06-10,69,Mouse,Bandung,1,8570861,credit_card,8570861
668,2026-06-05,84,Keyboard,Makassar,3,13869014,cash,41607042
669,2026-06-08,122,Headset,Bandung,3,6860064,cash,20580192
670,2026-06-11,189,Keyboard,Medan,5,13073130,cash,65365650
671,2026-06-08,169,Mouse,Medan,1,6535403,ewallet,6535403
672,2026-06-09,47,Laptop,Jakarta,5,5029954,credit_card,25149770
673,2026-06-09,99,Keyboard,Jakarta,4,9559733,credit_card,38238932
674,2026-06-11,65,Monitor,Surabaya,1,6037915,credit_card,6037915
675,2026-06-08,154,Keyboard,Medan,2,4182177,credit_card,8364354
676,2026-06-07,2,Keyboard,Surabaya,1,9581903,ewallet,9581903
677,2026-06-04,151,Monitor,Bandung,5,7377930,bank_transfer,36889650
678,2026-06-01,111,Keyboard,Bandung,3,9798872,ewallet,29396616
679,2026-06-03,176,Headset,Bandung,5,13580228,ewallet,67901140
680,2026-06-01,100,Laptop,Jakarta,5,5442461,bank_transfer,27212305
681,2026-06-08,20,Headset,Makassar,2,10005863,credit_card,20011726
682,2026-06-07,98,Laptop,Surabaya,5,11681061,ewallet,58405305
683,2026-06-11,148,Mouse,Jakarta,1,2307412,credit_card,2307412
684,2026-06-11,32,Monitor,Medan,3,9886437,ewallet,29659311
685,2026-06-05,36,Headset,Jakarta,5,9824333,bank_transfer,49121665
686,2026-06-05,124,Laptop,Bandung,4,11647896,credit_card,46591584
687,2026-06-11,70,Keyboard,Bandung,2,10329895,ewallet,20659790
688,2026-06-09,200,Monitor,Medan,4,3755358,ewallet,15021432
689,2026-06-04,60,Headset,Makassar,1,5065798,ewallet,5065798
690,2026-06-09,34,Laptop,Makassar,2,9302747,credit_card,18605494
691,2026-06-05,94,Keyboard,Makassar,2,14326518,ewallet,28653036
692,2026-06-08,24,Mouse,Makassar,1,7051485,bank_transfer,7051485
693,2026-06-11,49,Headset,Bandung,2,545597,ewallet,1091194
694,2026-06-03,189,Mouse,Medan,4,6774849,bank_transfer,27099396
695,2026-06-07,131,Headset,Surabaya,3,7417491,bank_transfer,22252473
696,2026-06-07,45,Laptop,Surabaya,4,5974199,bank_transfer,23896796
697,2026-06-11,133,Laptop,Makassar,3,7031396,cash,21094188
698,2026-06-10,49,Keyboard,Medan,5,10870675,cash,54353375
699,2026-06-05,10,Laptop,Bandung,3,8500428,credit_card,25501284
700,2026-06-03,160,Monitor,Medan,5,6765660,cash,33828300
701,2026-06-01,2,Headset,Jakarta,5,1426528,credit_card,7132640
702,2026-06-10,129,Monitor,Makassar,2,1476469,ewallet,2952938
703,2026-06-07,47,Keyboard,Surabaya,1,1554347,ewallet,1554347
704,2026-06-09,192,Laptop,Jakarta,3,13866025,bank_transfer,41598075
705,2026-06-04,160,Headset,Jakarta,4,9405967,bank_transfer,37623868
706,2026-06-09,8,Headset,Medan,3,3175265,cash,9525795
707,2026-06-02,24,Monitor,Bandung,1,10834138,bank_transfer,10834138
708,2026-06-05,150,Mouse,Bandung,2,4342120,ewallet,8684240
709,2026-06-03,11,Monitor,Makassar,3,1982529,credit_card,5947587
710,2026-06-10,84,Mouse,Makassar,3,3571661,credit_card,10714983
711,2026-06-03,145,Keyboard,Jakarta,2,5567771,bank_transfer,11135542
712,2026-06-02,83,Laptop,Makassar,2,8505015,cash,17010030
713,2026-06-09,106,Monitor,Makassar,4,3299734,bank_transfer,13198936
714,2026-06-06,175,Headset,Bandung,4,6824574,credit_card,27298296
715,2026-06-10,195,Monitor,Surabaya,4,7839453,bank_transfer,31357812
716,2026-06-03,97,Laptop,Surabaya,3,4684587,credit_card,14053761
717,2026-06-11,186,Headset,Medan,5,9354920,bank_transfer,46774600
718,2026-06-01,56,Mouse,Makassar,5,8048677,credit_card,40243385
719,2026-06-08,98,Mouse,Medan,4,4041547,ewallet,16166188
720,2026-06-07,111,Mouse,Medan,3,8277394,cash,24832182
721,2026-06-03,57,Laptop,Jakarta,2,1878768,cash,3757536
722,2026-06-10,11,Keyboard,Medan,1,362141,cash,362141
723,2026-06-09,69,Mouse,Makassar,3,2277468,cash,6832404
724,2026-06-02,6,Mouse,Jakarta,4,12093789,cash,48375156
725,2026-06-11,104,Mouse,Jakarta,2,5935284,credit_card,11870568
726,2026-06-11,195,Keyboard,Makassar,2,14234598,cash,28469196
727,2026-06-02,187,Monitor,Medan,2,13930196,bank_transfer,27860392
728,2026-06-05,136,Mouse,Bandung,4,2449772,cash,9799088
729,2026-06-04,158,Keyboard,Surabaya,1,13898616,credit_card,13898616
730,2026-06-07,178,Headset,Makassar,5,7919263,credit_card,39596315
731,2026-06-09,53,Monitor,Medan,2,3438284,ewallet,6876568
732,2026-06-08,44,Monitor,Surabaya,4,11401775,ewallet,45607100
733,2026-06-11,25,Laptop,Surabaya,2,4672053,ewallet,9344106
734,2026-06-03,29,Headset,Surabaya,2,10708215,bank_transfer,21416430
735,2026-06-11,11,Mouse,Bandung,4,4481829,bank_transfer,17927316
736,2026-06-09,192,Monitor,Bandung,2,2020510,credit_card,4041020
737,2026-06-07,93,Keyboard,Makassar,3,12644986,ewallet,37934958
738,2026-06-07,85,Monitor,Surabaya,3,12278534,credit_card,36835602
739,2026-06-08,112,Keyboard,Surabaya,3,9361049,bank_transfer,28083147
740,2026-06-11,197,Monitor,Jakarta,1,413086,ewallet,413086
741,2026-06-11,152,Mouse,Makassar,2,11457956,ewallet,22915912
742,2026-06-02,162,Mouse,Jakarta,4,9746658,ewallet,38986632
743,2026-06-11,111,Monitor,Surabaya,4,5706391,cash,22825564
744,2026-06-03,108,Mouse,Medan,4,11448354,credit_card,45793416
745,2026-06-07,31,Laptop,Surabaya,3,5750877,cash,17252631
746,2026-06-04,120,Mouse,Surabaya,5,7686501,cash,38432505
747,2026-06-05,64,Mouse,Makassar,1,10819664,ewallet,10819664
748,2026-06-01,57,Mouse,Jakarta,2,4341352,cash,8682704
749,2026-06-06,134,Mouse,Jakarta,2,5120174,credit_card,10240348
750,2026-06-05,22,Laptop,Bandung,2,7763844,bank_transfer,15527688
751,2026-06-07,128,Laptop,Surabaya,4,2329130,credit_card,9316520
752,2026-06-11,57,Monitor,Bandung,1,5517395,bank_transfer,5517395
753,2026-06-06,67,Headset,Bandung,3,12600943,credit_card,37802829
754,2026-06-08,59,Monitor,Medan,3,2006058,cash,6018174
755,2026-06-05,2,Monitor,Bandung,2,7370673,bank_transfer,14741346
756,2026-06-08,197,Monitor,Medan,1,2011662,credit_card,2011662
757,2026-06-01,57,Monitor,Jakarta,3,4013589,bank_transfer,12040767
758,2026-06-01,46,Monitor,Jakarta,1,3033326,cash,3033326
759,2026-06-03,192,Laptop,Medan,5,9666689,credit_card,48333445
760,2026-06-09,59,Monitor,Medan,5,6057346,ewallet,30286730
761,2026-06-11,77,Mouse,Makassar,5,1871616,credit_card,9358080
762,2026-06-04,195,Monitor,Medan,5,8653148,bank_transfer,43265740
763,2026-06-11,153,Keyboard,Jakarta,4,5094276,ewallet,20377104
764,2026-06-01,118,Headset,Surabaya,2,13522059,ewallet,27044118
765,2026-06-06,82,Mouse,Medan,4,1135349,ewallet,4541396
766,2026-06-10,195,Laptop,Surabaya,1,11603273,ewallet,11603273
767,2026-06-07,125,Headset,Bandung,1,2170982,ewallet,2170982
768,2026-06-08,43,Keyboard,Bandung,5,10274335,bank_transfer,51371675
769,2026-06-06,152,Keyboard,Surabaya,1,6488606,ewallet,6488606
770,2026-06-06,94,Mouse,Bandung,2,876318,ewallet,1752636
771,2026-06-01,62,Headset,Surabaya,1,13289088,cash,13289088
772,2026-06-04,15,Headset,Surabaya,2,6320555,ewallet,12641110
773,2026-06-09,166,Laptop,Bandung,1,5266901,cash,5266901
774,2026-06-02,154,Keyboard,Jakarta,2,5083476,cash,10166952
775,2026-06-06,63,Monitor,Medan,1,11231374,ewallet,11231374
776,2026-06-05,86,Keyboard,Makassar,2,10005510,ewallet,20011020
777,2026-06-09,63,Monitor,Makassar,5,6002720,ewallet,30013600
778,2026-06-07,50,Monitor,Surabaya,3,9765218,credit_card,29295654
779,2026-06-10,81,Laptop,Jakarta,4,12560715,ewallet,50242860
780,2026-06-01,64,Mouse,Surabaya,3,3036184,cash,9108552
781,2026-06-03,175,Monitor,Jakarta,2,1117890,cash,2235780
782,2026-06-05,129,Laptop,Jakarta,2,12626020,credit_card,25252040
783,2026-06-11,151,Mouse,Makassar,5,8857614,credit_card,44288070
784,2026-06-04,102,Keyboard,Surabaya,4,14515671,cash,58062684
785,2026-06-02,157,Monitor,Makassar,2,5188982,ewallet,10377964
786,2026-06-02,6,Headset,Jakarta,5,10600814,cash,53004070
787,2026-06-06,129,Mouse,Bandung,1,12328906,ewallet,12328906
788,2026-06-07,158,Mouse,Medan,4,5108868,cash,20435472
789,2026-06-04,163,Mouse,Medan,2,12050092,cash,24100184
790,2026-06-05,190,Keyboard,Surabaya,5,5384504,credit_card,26922520
791,2026-06-02,182,Keyboard,Surabaya,4,6572722,bank_transfer,26290888
792,2026-06-02,167,Monitor,Surabaya,5,1376060,bank_transfer,6880300
793,2026-06-03,46,Mouse,Medan,1,12900100,ewallet,12900100
794,2026-06-10,90,Keyboard,Medan,5,8760114,bank_transfer,43800570
795,2026-06-08,108,Keyboard,Bandung,5,10656769,bank_transfer,53283845
796,2026-06-01,140,Laptop,Surabaya,1,3556548,cash,3556548
797,2026-06-07,184,Headset,Makassar,1,12367509,bank_transfer,12367509
798,2026-06-02,73,Headset,Medan,3,9953975,bank_transfer,29861925
799,2026-06-11,170,Keyboard,Makassar,1,5483249,bank_transfer,5483249
800,2026-06-03,117,Mouse,Bandung,1,12265688,bank_transfer,12265688
801,2026-06-10,145,Mouse,Surabaya,2,2821854,cash,5643708
802,2026-06-05,46,Monitor,Medan,5,3638074,ewallet,18190370
803,2026-06-09,182,Mouse,Bandung,1,171282,credit_card,171282
804,2026-06-08,64,Mouse,Bandung,1,7504672,credit_card,7504672
805,2026-06-08,141,Keyboard,Jakarta,2,11837357,credit_card,23674714
806,2026-06-07,31,Keyboard,Makassar,2,12488531,credit_card,24977062
807,2026-06-05,165,Monitor,Medan,1,4298534,ewallet,4298534
808,2026-06-02,65,Keyboard,Jakarta,4,6715275,bank_transfer,26861100
809,2026-06-06,143,Keyboard,Surabaya,3,3648062,cash,10944186
810,2026-06-05,184,Keyboard,Jakarta,1,1884665,credit_card,1884665
811,2026-06-11,88,Headset,Surabaya,5,10232859,bank_transfer,51164295
812,2026-06-01,160,Laptop,Jakarta,2,3525358,credit_card,7050716
813,2026-06-04,109,Keyboard,Medan,1,4922490,bank_transfer,4922490
814,2026-06-09,198,Monitor,Makassar,2,5192635,ewallet,10385270
815,2026-06-01,125,Laptop,Bandung,5,12000600,bank_transfer,60003000
816,2026-06-05,160,Monitor,Bandung,3,2391053,cash,7173159
817,2026-06-02,114,Laptop,Jakarta,5,1485211,cash,7426055
818,2026-06-03,45,Laptop,Jakarta,5,1796617,bank_transfer,8983085
819,2026-06-11,117,Monitor,Jakarta,4,10097135,cash,40388540
820,2026-06-06,133,Keyboard,Medan,4,7853477,bank_transfer,31413908
821,2026-06-08,79,Monitor,Medan,1,11868613,cash,11868613
822,2026-06-05,191,Keyboard,Surabaya,2,4249710,ewallet,8499420
823,2026-06-11,191,Keyboard,Makassar,4,6700233,ewallet,26800932
824,2026-06-05,68,Monitor,Surabaya,2,10185747,cash,20371494
825,2026-06-11,69,Mouse,Jakarta,1,1404193,ewallet,1404193
826,2026-06-09,177,Keyboard,Bandung,4,1572525,ewallet,6290100
827,2026-06-11,4,Monitor,Jakarta,3,5233770,credit_card,15701310
828,2026-06-08,177,Laptop,Makassar,3,4432844,ewallet,13298532
829,2026-06-05,123,Headset,Medan,1,6148881,cash,6148881
830,2026-06-01,159,Headset,Jakarta,3,4552709,bank_transfer,13658127
831,2026-06-04,200,Headset,Bandung,1,4753053,ewallet,4753053
832,2026-06-03,187,Laptop,Makassar,3,1846901,bank_transfer,5540703
833,2026-06-05,30,Monitor,Bandung,4,10457091,ewallet,41828364
834,2026-06-05,105,Monitor,Medan,3,4111189,ewallet,12333567
835,2026-06-08,179,Keyboard,Medan,1,73989,cash,73989
836,2026-06-01,58,Monitor,Jakarta,1,11185747,bank_transfer,11185747
837,2026-06-03,20,Keyboard,Surabaya,3,9474437,bank_transfer,28423311
838,2026-06-01,154,Mouse,Makassar,1,10910369,credit_card,10910369
839,2026-06-08,138,Keyboard,Makassar,1,10277693,credit_card,10277693
840,2026-06-09,141,Mouse,Jakarta,3,9949391,ewallet,29848173
841,2026-06-03,128,Monitor,Makassar,2,7345753,credit_card,14691506
842,2026-06-08,140,Monitor,Surabaya,5,5276021,bank_transfer,26380105
843,2026-06-03,149,Keyboard,Makassar,4,6718548,ewallet,26874192
844,2026-06-02,137,Headset,Jakarta,1,2181917,bank_transfer,2181917
845,2026-06-03,72,Keyboard,Jakarta,3,7577141,ewallet,22731423
846,2026-06-01,135,Laptop,Surabaya,1,3779698,ewallet,3779698
847,2026-06-08,182,Laptop,Bandung,1,8149314,bank_transfer,8149314
848,2026-06-06,176,Laptop,Medan,1,4783575,bank_transfer,4783575
849,2026-06-05,3,Headset,Makassar,1,12208990,bank_transfer,12208990
850,2026-06-11,28,Mouse,Medan,2,14641525,bank_transfer,29283050
851,2026-06-09,43,Laptop,Surabaya,1,4608105,ewallet,4608105
852,2026-06-07,126,Laptop,Medan,3,8707244,cash,26121732
853,2026-06-02,136,Laptop,Jakarta,2,3538907,bank_transfer,7077814
854,2026-06-03,46,Mouse,Makassar,3,6950480,bank_transfer,20851440
855,2026-06-04,146,Mouse,Makassar,3,9887996,credit_card,29663988
856,2026-06-09,77,Mouse,Jakarta,3,9473011,cash,28419033
857,2026-06-07,140,Mouse,Makassar,5,14101780,cash,70508900
858,2026-06-01,88,Monitor,Surabaya,2,7256175,credit_card,14512350
859,2026-06-02,126,Keyboard,Bandung,1,6684633,bank_transfer,6684633
860,2026-06-08,35,Headset,Medan,1,3637000,credit_card,3637000
861,2026-06-04,104,Mouse,Jakarta,3,539774,bank_transfer,1619322
862,2026-06-02,64,Mouse,Jakarta,5,9927062,cash,49635310
863,2026-06-11,1,Laptop,Surabaya,1,3347364,bank_transfer,3347364
864,2026-06-11,37,Mouse,Surabaya,4,14493034,credit_card,57972136
865,2026-06-07,159,Laptop,Medan,4,5069260,credit_card,20277040
866,2026-06-11,73,Laptop,Medan,3,13528021,ewallet,40584063
867,2026-06-02,42,Mouse,Bandung,1,14692554,bank_transfer,14692554
868,2026-06-11,93,Monitor,Jakarta,2,4953963,credit_card,9907926
869,2026-06-10,136,Headset,Medan,5,627631,cash,3138155
870,2026-06-06,194,Keyboard,Surabaya,5,12001792,cash,60008960
871,2026-06-08,72,Mouse,Medan,1,6402531,bank_transfer,6402531
872,2026-06-09,171,Monitor,Jakarta,4,3094732,bank_transfer,12378928
873,2026-06-05,187,Laptop,Makassar,3,11961218,ewallet,35883654
874,2026-06-11,181,Laptop,Medan,2,9892396,cash,19784792
875,2026-06-11,186,Keyboard,Surabaya,4,3058329,ewallet,12233316
876,2026-06-04,79,Monitor,Makassar,2,4821547,ewallet,9643094
877,2026-06-06,172,Headset,Medan,5,5100592,bank_transfer,25502960
878,2026-06-04,115,Headset,Makassar,2,3697860,bank_transfer,7395720
879,2026-06-05,197,Laptop,Surabaya,4,9450098,cash,37800392
880,2026-06-04,3,Monitor,Surabaya,4,755213,ewallet,3020852
881,2026-06-05,79,Keyboard,Jakarta,3,888823,credit_card,2666469
882,2026-06-09,35,Headset,Bandung,4,10194096,bank_transfer,40776384
883,2026-06-11,77,Laptop,Bandung,1,6642374,cash,6642374
884,2026-06-03,180,Keyboard,Jakarta,4,8334823,credit_card,33339292
885,2026-06-07,1,Headset,Surabaya,2,14325707,cash,28651414
886,2026-06-08,113,Headset,Medan,4,5769011,credit_card,23076044
887,2026-06-01,182,Laptop,Medan,5,6957743,cash,34788715
888,2026-06-09,99,Mouse,Surabaya,3,11857598,credit_card,35572794
889,2026-06-10,129,Mouse,Surabaya,2,12947999,credit_card,25895998
890,2026-06-03,106,Laptop,Jakarta,4,8400741,credit_card,33602964
891,2026-06-10,71,Laptop,Bandung,5,5143121,ewallet,25715605
892,2026-06-07,58,Laptop,Medan,3,4756183,bank_transfer,14268549
893,2026-06-10,190,Headset,Bandung,4,6720555,credit_card,26882220
894,2026-06-09,126,Laptop,Jakarta,3,4656137,cash,13968411
895,2026-06-08,91,Keyboard,Medan,3,1637685,ewallet,4913055
896,2026-06-05,27,Laptop,Jakarta,3,11628296,bank_transfer,34884888
897,2026-06-06,194,Mouse,Medan,2,14837385,cash,29674770
898,2026-06-01,20,Laptop,Makassar,3,10540386,ewallet,31621158
899,2026-06-02,186,Headset,Surabaya,2,9007119,ewallet,18014238
900,2026-06-10,92,Monitor,Bandung,2,2590552,ewallet,5181104
901,2026-06-01,108,Mouse,Medan,5,2453668,credit_card,12268340
902,2026-06-10,13,Mouse,Medan,5,10751638,cash,53758190
903,2026-06-10,137,Monitor,Jakarta,4,11224834,bank_transfer,44899336
904,2026-06-02,111,Laptop,Makassar,4,3713270,cash,14853080
905,2026-06-08,165,Laptop,Bandung,2,982607,ewallet,1965214
906,2026-06-09,94,Keyboard,Makassar,4,11609970,bank_transfer,46439880
907,2026-06-10,94,Laptop,Medan,5,1624898,cash,8124490
908,2026-06-11,77,Laptop,Medan,5,9143520,ewallet,45717600
909,2026-06-04,91,Keyboard,Surabaya,1,12783451,cash,12783451
910,2026-06-02,186,Mouse,Jakarta,5,13193905,ewallet,65969525
911,2026-06-06,67,Mouse,Medan,1,12003208,bank_transfer,12003208
912,2026-06-05,193,Keyboard,Jakarta,3,1320828,credit_card,3962484
913,2026-06-04,153,Mouse,Medan,4,3715417,ewallet,14861668
914,2026-06-10,91,Laptop,Medan,3,9701456,ewallet,29104368
915,2026-06-09,150,Mouse,Bandung,3,11809245,bank_transfer,35427735
916,2026-06-08,38,Headset,Bandung,5,4854766,bank_transfer,24273830
917,2026-06-07,176,Keyboard,Surabaya,2,8266422,credit_card,16532844
918,2026-06-02,65,Laptop,Surabaya,1,9998595,credit_card,9998595
919,2026-06-03,146,Headset,Bandung,5,10420427,bank_transfer,52102135
920,2026-06-10,137,Headset,Makassar,4,10564484,cash,42257936
921,2026-06-04,161,Headset,Medan,4,10145420,bank_transfer,40581680
922,2026-06-11,166,Monitor,Medan,4,11054888,cash,44219552
923,2026-06-01,65,Mouse,Makassar,4,4950770,cash,19803080
924,2026-06-04,52,Laptop,Makassar,4,2843561,ewallet,11374244
925,2026-06-11,144,Keyboard,Makassar,5,5798034,credit_card,28990170
926,2026-06-07,188,Headset,Jakarta,5,14734838,bank_transfer,73674190
927,2026-06-08,163,Headset,Surabaya,1,8555260,credit_card,8555260
928,2026-06-03,40,Keyboard,Bandung,2,6872982,bank_transfer,13745964
929,2026-06-04,192,Keyboard,Surabaya,3,13365028,credit_card,40095084
930,2026-06-04,117,Headset,Jakarta,3,2720193,credit_card,8160579
931,2026-06-01,156,Monitor,Surabaya,1,8028484,bank_transfer,8028484
932,2026-06-01,50,Keyboard,Makassar,3,9907698,credit_card,29723094
933,2026-06-08,154,Laptop,Makassar,2,9356865,credit_card,18713730
934,2026-06-01,143,Headset,Makassar,5,996874,cash,4984370
935,2026-06-10,180,Keyboard,Bandung,2,6413905,bank_transfer,12827810
936,2026-06-06,119,Monitor,Bandung,4,53290,bank_transfer,213160
937,2026-06-04,3,Laptop,Makassar,3,3245021,cash,9735063
938,2026-06-03,111,Monitor,Makassar,4,6495257,cash,25981028
939,2026-06-08,177,Keyboard,Bandung,2,10716689,ewallet,21433378
940,2026-06-08,80,Monitor,Bandung,2,9867482,cash,19734964
941,2026-06-10,198,Laptop,Medan,2,96381,credit_card,192762
942,2026-06-09,116,Monitor,Jakarta,2,3890379,credit_card,7780758
943,2026-06-05,145,Keyboard,Bandung,5,4741479,bank_transfer,23707395
944,2026-06-04,21,Headset,Medan,1,3342556,bank_transfer,3342556
945,2026-06-09,171,Headset,Makassar,3,1524650,cash,4573950
946,2026-06-01,62,Mouse,Medan,4,10673099,ewallet,42692396
947,2026-06-07,181,Monitor,Jakarta,5,6087383,credit_card,30436915
948,2026-06-08,73,Keyboard,Makassar,4,13670262,credit_card,54681048
949,2026-06-06,46,Headset,Bandung,3,14089993,ewallet,42269979
950,2026-06-07,45,Keyboard,Surabaya,5,414566,ewallet,2072830
951,2026-06-02,188,Laptop,Medan,5,10932454,cash,54662270
952,2026-06-06,25,Headset,Surabaya,1,9868782,cash,9868782
953,2026-06-11,199,Monitor,Medan,4,13504448,credit_card,54017792
954,2026-06-04,175,Laptop,Jakarta,4,11146325,cash,44585300
955,2026-06-11,170,Keyboard,Bandung,2,5531287,credit_card,11062574
956,2026-06-05,10,Mouse,Surabaya,2,13903794,ewallet,27807588
957,2026-06-07,127,Laptop,Makassar,2,8526958,credit_card,17053916
958,2026-06-07,80,Mouse,Medan,3,5386585,credit_card,16159755
959,2026-06-07,56,Mouse,Jakarta,5,1606875,ewallet,8034375
960,2026-06-05,184,Laptop,Jakarta,4,1361094,bank_transfer,5444376
961,2026-06-09,29,Laptop,Surabaya,1,11489240,ewallet,11489240
962,2026-06-06,53,Mouse,Makassar,1,9391567,bank_transfer,9391567
963,2026-06-09,21,Headset,Surabaya,3,2065687,cash,6197061
964,2026-06-02,106,Monitor,Surabaya,5,9774706,ewallet,48873530
965,2026-06-07,24,Monitor,Medan,2,4633026,ewallet,9266052
966,2026-06-10,37,Laptop,Jakarta,5,14307984,credit_card,71539920
967,2026-06-03,114,Headset,Bandung,5,12117530,ewallet,60587650
968,2026-06-11,129,Mouse,Surabaya,2,12904209,ewallet,25808418
969,2026-06-11,43,Monitor,Surabaya,5,14540583,ewallet,72702915
970,2026-06-09,72,Monitor,Medan,4,9182224,bank_transfer,36728896
971,2026-06-11,147,Mouse,Surabaya,1,10975876,cash,10975876
972,2026-06-02,148,Laptop,Bandung,5,10418200,cash,52091000
973,2026-06-08,25,Monitor,Surabaya,3,12362445,credit_card,37087335
974,2026-06-01,32,Mouse,Bandung,4,6975475,credit_card,27901900
975,2026-06-02,81,Keyboard,Makassar,3,13545681,ewallet,40637043
976,2026-06-04,128,Keyboard,Surabaya,5,7805610,credit_card,39028050
977,2026-06-01,200,Headset,Makassar,1,7559601,bank_transfer,7559601
978,2026-06-03,150,Mouse,Makassar,1,10095624,ewallet,10095624
979,2026-06-06,87,Mouse,Bandung,1,5809601,bank_transfer,5809601
980,2026-06-06,190,Monitor,Medan,5,14872903,credit_card,74364515
981,2026-06-01,112,Laptop,Jakarta,4,2077740,bank_transfer,8310960
982,2026-06-06,80,Monitor,Makassar,3,3668271,cash,11004813
983,2026-06-11,156,Laptop,Surabaya,2,2001032,ewallet,4002064
984,2026-06-04,83,Laptop,Surabaya,3,8242484,bank_transfer,24727452
985,2026-06-03,55,Laptop,Jakarta,5,5079897,bank_transfer,25399485
986,2026-06-02,94,Keyboard,Makassar,2,13333415,cash,26666830
987,2026-06-04,101,Headset,Bandung,1,12210948,ewallet,12210948
988,2026-06-06,35,Keyboard,Bandung,2,5085688,cash,10171376
989,2026-06-10,57,Headset,Bandung,2,10156845,credit_card,20313690
990,2026-06-09,190,Laptop,Medan,4,12782444,bank_transfer,51129776
991,2026-06-11,21,Laptop,Bandung,3,435365,credit_card,1306095
992,2026-06-07,59,Headset,Surabaya,2,13316713,bank_transfer,26633426
993,2026-06-06,76,Headset,Jakarta,1,11286600,cash,11286600
994,2026-06-03,69,Mouse,Bandung,5,3691726,ewallet,18458630
995,2026-06-08,16,Headset,Jakarta,4,10115891,cash,40463564
996,2026-06-11,49,Headset,Jakarta,4,6774469,credit_card,27097876
997,2026-06-11,183,Headset,Jakarta,5,4877266,ewallet,24386330
998,2026-06-03,117,Keyboard,Makassar,2,14302466,cash,28604932
999,2026-06-09,20,Keyboard,Jakarta,5,6023839,ewallet,30119195
1000,2026-06-08,91,Headset,Medan,1,10292494,cash,10292494
